cmobn13e000021yazrbrv25yq|cmobn13dw00001yazwxsbc5sg|0|未分类（迁移数据）||||999
cmobpttpa00041yzurzuw0s5s|cmobpt8cr00001yzu3bdsn6ox|1|E2E测试章节||||0
cmobq7hsg000d1yzulcqm1mi5|cmobpt8cr00001yzu3bdsn6ox|1|E2E测试章节||||0
cmobqblmq000j1yzue53acc6r|cmobpt8cr00001yzu3bdsn6ox|1|E2E测试章节||||0
cmobqjmwl000s1yzu1lrbjh11|cmobpt8cr00001yzu3bdsn6ox|1|E2E测试章节||||0
cmoc8aw9300141yzutuvt1etw|cmobpt8cr00001yzu3bdsn6ox|1|E2E测试章节||||0
cmoc8ckxj00021ygeh39g25m5|cmobpt8cr00001yzu3bdsn6ox|1|E2E测试章节||||0
cmoc8gu92000f1ygesnmavdnu|cmobpt8cr00001yzu3bdsn6ox|1|E2E测试章节||||0
cmoc976kl00111ygea5g6uunr|cmobpt8cr00001yzu3bdsn6ox|1|E2E测试章节||||0
cmoc9942l001b1yge5r1l0v3e|cmobpt8cr00001yzu3bdsn6ox|1|E2E测试章节||||0
cmoc9az5z001n1ygefioc840k|cmobpt8cr00001yzu3bdsn6ox|1|E2E测试章节||||0
cmoc9bgma001y1yge5rf5v9jw|cmoc9bglt001u1yges73yia5b|99|保护测试章节||||0
cmobn13dw00001yazwxsbc5sg-chapter-1|cmobn13dw00001yazwxsbc5sg|1|代数与几何||||0
cmoe9y24o001h1yejgipgqm2v|cmobpt8cr00001yzu3bdsn6ox|1|E2E测试章节||||0
cmoe9z42z001s1yejj6oyzhoc|cmoe9z3p1001o1yejz4nyqpzh|99|保护测试章节||||0
ch16-quadratic-radical|cmoeioxrf00001y71sruhgg68|16|二次根式||||16
ch17-pythagorean|cmoeioxrf00001y71sruhgg68|17|勾股定理||||17
ch18-quadrilateral|cmoeioxrf00001y71sruhgg68|18|平行四边形||||18
ch19-quadratic-equation|cmoeioxrf00001y71sruhgg68|19|一元二次方程||||19
ch20-data-analysis|cmoeioxrf00001y71sruhgg68|20|数据的分析||||20
cmoek68d6000o1yctilvrjb1x|cmobpt8cr00001yzu3bdsn6ox|1|E2E测试章节||||0
cmoek7uft001i1yct6rmt0xr1|cmoek7uf6001e1ycth3ctg8xa|99|保护测试章节||||0
cmoek80r4001m1yctg6feuvfz|cmobpt8cr00001yzu3bdsn6ox|1|E2E测试章节||||0
cmoek9gas00281yctd8487m04|cmoek9g9t00241ycta4hv4704|99|保护测试章节||||0
cmoet91ut005f1ywa13l1j7wc|cmobpt8cr00001yzu3bdsn6ox|1|E2E测试章节||||0
cmoet9po9005q1ywaw9agt2qs|cmoet9pno005m1ywaoypl48tt|99|保护测试章节||||0
